{"count":1,"self":294.758272,"total":304.36732559999996,"children":{"InitializeActuators":{"count":2,"self":0.0010061999999999998,"total":0.0010061999999999998,"children":null},"InitializeSensors":{"count":2,"self":0.0010053,"total":0.0010053,"children":null},"AgentSendState":{"count":14943,"self":1.9221519999999999,"total":5.872795,"children":{"CollectObservations":{"count":14943,"self":0.23316089999999998,"total":0.23316089999999998,"children":null},"WriteActionMask":{"count":14943,"self":0.0131714,"total":0.0131714,"children":null},"RequestDecision":{"count":14943,"self":3.6704923999999997,"total":3.684637,"children":{"RayPerceptionSensor.Perceive":{"count":14943,"self":0.014144499999999999,"total":0.014144499999999999,"children":null}}},"RayPerceptionSensor.Perceive":{"count":14942,"self":0.0196737,"total":0.0196737,"children":null}}},"DecideAction":{"count":14943,"self":0.061742599999999995,"total":0.061742599999999995,"children":null},"AgentAct":{"count":14943,"self":3.6268184,"total":3.6715011,"children":{"RayPerceptionSensor.Perceive":{"count":28888,"self":0.0446827,"total":0.0446827,"children":null}}}},"gauges":{"race_behavior.CumulativeReward":{"count":14444,"max":1,"min":-0.5,"runningAverage":0.0192605741,"value":0,"weightedAverage":0.000105826432}},"metadata":{"timer_format_version":"0.1.0","start_time_seconds":"1718660955","unity_version":"2022.3.31f1","command_line_arguments":"C:\\Program Files\\Unity\\Hub\\Editor\\2022.3.31f1\\Editor\\Unity.exe -projectpath C:\\Users\\Thibeau Duerinck\\Desktop\\FormulaVR -useHub -hubIPC -cloudEnvironment production -licensingIpc LicenseClient-l9fdK3yUrgk9Ty7tDFB3I -hubSessionId 972d454b-22e7-422f-9922-988137605d6a -accessToken eLzTobwOuv1CEZjmDIF2prdY7BNGY01hSlZSgF32uwg012f","communication_protocol_version":"1.5.0","com.unity.ml-agents_version":"2.0.1","scene_name":"Track","end_time_seconds":"1718661259"}}